257-with-mask.jpg,257-with-mask.txt
unmasked (1421).jpg,unmasked (1421).txt
unmasked (1545).jpg,unmasked (1545).txt
141-with-mask.jpg,141-with-mask.txt
masked (1272).jpg,masked (1272).txt
masked (1316).jpg,masked (1316).txt
masked (1482).jpg,masked (1482).txt
349-with-mask.jpg,349-with-mask.txt
masked (1601).jpg,masked (1601).txt
134-with-mask.jpg,134-with-mask.txt
151.jpg,151.txt
masked (1544).jpg,masked (1544).txt
masked (1420).jpg,masked (1420).txt
222-with-mask.jpg,222-with-mask.txt
unmasked (1317).jpg,unmasked (1317).txt
unmasked (1764).jpg,unmasked (1764).txt
unmasked (1600).jpg,unmasked (1600).txt
with_mask (45).jpg,with_mask (45).txt
unmasked (1483).jpg,unmasked (1483).txt
masked (1692).jpg,masked (1692).txt
39-with-mask.jpg,39-with-mask.txt
with_maska (8).jpg,with_maska (8).txt
243-with-mask.jpg,243-with-mask.txt
155-with-mask.jpg,155-with-mask.txt
unmasked (1326).jpg,unmasked (1326).txt
masked (1411).jpg,masked (1411).txt
masked (1909).jpg,masked (1909).txt
masked (1575).jpg,masked (1575).txt
with_mask (74).jpg,with_mask (74).txt
masked (1385).jpg,masked (1385).txt
unmasked (1631).jpg,unmasked (1631).txt
unmasked (1885).jpg,unmasked (1885).txt
120-with-mask.jpg,120-with-mask.txt
masked (1327).jpg,masked (1327).txt
236-with-mask.jpg,236-with-mask.txt
unmasked (1574).jpg,unmasked (1574).txt
unmasked (1410).jpg,unmasked (1410).txt
unmasked (1827).jpg,unmasked (1827).txt
masked (1630).jpg,masked (1630).txt
masked (1884).jpg,masked (1884).txt
unmasked (1384).jpg,unmasked (1384).txt
453-with-mask.jpg,453-with-mask.txt
masked (1283).jpg,masked (1283).txt
unmasked (1618).jpg,unmasked (1618).txt
with_mask (16).jpg,with_mask (16).txt
169-with-mask.jpg,169-with-mask.txt
unmasked (1653).jpg,unmasked (1653).txt
281-with-mask.jpg,281-with-mask.txt
masked (1438).jpg,masked (1438).txt
197-with-mask.jpg,197-with-mask.txt
masked (1473).jpg,masked (1473).txt
masked (1517).jpg,masked (1517).txt
unmasked (1344).jpg,unmasked (1344).txt
70-with-mask.jpg,70-with-mask.txt
masked (1652).jpg,masked (1652).txt
unmasked (1282).jpg,unmasked (1282).txt
with_maska (13).jpg,with_maska (13).txt
masked (1619).jpg,masked (1619).txt
unmasked (1516).jpg,unmasked (1516).txt
unmasked (1472).jpg,unmasked (1472).txt
masked (1345).jpg,masked (1345).txt
unmasked (1795).jpg,unmasked (1795).txt
unmasked (1439).jpg,unmasked (1439).txt
314-with-mask.jpg,314-with-mask.txt
447-with-mask.jpg,447-with-mask.txt
masked (1584).jpg,masked (1584).txt
with_maska (22).jpg,with_maska (22).txt
masked (1628).jpg,masked (1628).txt
masked (1663).jpg,masked (1663).txt
11-with-mask.jpg,11-with-mask.txt
unmasked (1408).jpg,unmasked (1408).txt
375-with-mask.jpg,375-with-mask.txt
295-with-mask.jpg,295-with-mask.txt
183-with-mask.jpg,183-with-mask.txt
unmasked (1443).jpg,unmasked (1443).txt
unmasked (1527).jpg,unmasked (1527).txt
with_mask (85).jpg,with_mask (85).txt
64-with-mask.jpg,64-with-mask.txt
108-with-mask.jpg,108-with-mask.txt
unmasked (1662).jpg,unmasked (1662).txt
unmasked (1585).jpg,unmasked (1585).txt
with_mask (27).jpg,with_mask (27).txt
unmasked (1629).jpg,unmasked (1629).txt
432-with-mask.jpg,432-with-mask.txt
unmasked (1375).jpg,unmasked (1375).txt
masked (1526).jpg,masked (1526).txt
masked (1442).jpg,masked (1442).txt
masked (1911).jpg,masked (1911).txt
masked (1409).jpg,masked (1409).txt
masked (1875).jpg,masked (1875).txt
unmasked (1322).jpg,unmasked (1322).txt
masked (1415).jpg,masked (1415).txt
masked (1869).jpg,masked (1869).txt
masked (1571).jpg,masked (1571).txt
201.jpg,201.txt
246-with-mask.jpg,246-with-mask.txt
masked (1696).jpg,masked (1696).txt
150-with-mask.jpg,150-with-mask.txt
unmasked (1635).jpg,unmasked (1635).txt
358-with-mask.jpg,358-with-mask.txt
unmasked (1599).jpg,unmasked (1599).txt
with_mask (70).jpg,with_mask (70).txt
masked (1381).jpg,masked (1381).txt
with_mask (99).jpg,with_mask (99).txt
masked (1368).jpg,masked (1368).txt
125-with-mask.jpg,125-with-mask.txt
unmasked (1697).jpg,unmasked (1697).txt
233-with-mask.jpg,233-with-mask.txt
49-with-mask.jpg,49-with-mask.txt
masked (1323).jpg,masked (1323).txt
unmasked (1570).jpg,unmasked (1570).txt
unmasked (1414).jpg,unmasked (1414).txt
unmasked (1380).jpg,unmasked (1380).txt
masked (1634).jpg,masked (1634).txt
masked (1598).jpg,masked (1598).txt
masked (1880).jpg,masked (1880).txt
unmasked (1425).jpg,unmasked (1425).txt
unmasked (1859).jpg,unmasked (1859).txt
unmasked (1541).jpg,unmasked (1541).txt
masked (1276).jpg,masked (1276).txt
masked (1312).jpg,masked (1312).txt
masked (1359).jpg,masked (1359).txt
252-with-mask.jpg,252-with-mask.txt
144-with-mask.jpg,144-with-mask.txt
masked (1605).jpg,masked (1605).txt
480-with-mask.jpg,480-with-mask.txt
masked (1486).jpg,masked (1486).txt
131-with-mask.jpg,131-with-mask.txt
227-with-mask.jpg,227-with-mask.txt
masked (1540).jpg,masked (1540).txt
masked (1424).jpg,masked (1424).txt
unmasked (1313).jpg,unmasked (1313).txt
unmasked (1277).jpg,unmasked (1277).txt
8-with-mask.jpg,8-with-mask.txt
with_mask (41).jpg,with_mask (41).txt
unmasked (1487).jpg,unmasked (1487).txt
339-with-mask.jpg,339-with-mask.txt
unmasked (1604).jpg,unmasked (1604).txt
442-with-mask.jpg,442-with-mask.txt
masked (1667).jpg,masked (1667).txt
masked (1703).jpg,masked (1703).txt
unmasked (1398).jpg,unmasked (1398).txt
masked (1898).jpg,masked (1898).txt
masked (1580).jpg,masked (1580).txt
with_maska (26).jpg,with_maska (26).txt
14-with-mask.jpg,14-with-mask.txt
290-with-mask.jpg,290-with-mask.txt
186-with-mask.jpg,186-with-mask.txt
masked (1370).jpg,masked (1370).txt
unmasked (1447).jpg,unmasked (1447).txt
with_mask (81).jpg,with_mask (81).txt
unmasked (1523).jpg,unmasked (1523).txt
unmasked (1568).jpg,unmasked (1568).txt
with_mask (23).jpg,with_mask (23).txt
unmasked (1581).jpg,unmasked (1581).txt
unmasked (1899).jpg,unmasked (1899).txt
61-with-mask.jpg,61-with-mask.txt
masked (1399).jpg,masked (1399).txt
with_mask (68).jpg,with_mask (68).txt
masked (1915).jpg,masked (1915).txt
masked (1569).jpg,masked (1569).txt
masked (1871).jpg,masked (1871).txt
masked (1522).jpg,masked (1522).txt
305-with-mask.jpg,305-with-mask.txt
masked (1446).jpg,masked (1446).txt
with_mask (59).jpg,with_mask (59).txt
unmasked (1733).jpg,unmasked (1733).txt
456-with-mask.jpg,456-with-mask.txt
masked (1287).jpg,masked (1287).txt
unmasked (1778).jpg,unmasked (1778).txt
with_mask (12).jpg,with_mask (12).txt
284-with-mask.jpg,284-with-mask.txt
364-with-mask.jpg,364-with-mask.txt
masked (1477).jpg,masked (1477).txt
masked (1513).jpg,masked (1513).txt
192-with-mask.jpg,192-with-mask.txt
unmasked (1340).jpg,unmasked (1340).txt
masked (1558).jpg,masked (1558).txt
unmasked (1286).jpg,unmasked (1286).txt
75-with-mask.jpg,75-with-mask.txt
with_maska (17).jpg,with_maska (17).txt
119-with-mask.jpg,119-with-mask.txt
masked (1656).jpg,masked (1656).txt
unmasked (1559).jpg,unmasked (1559).txt
311-with-mask.jpg,311-with-mask.txt
unmasked (1512).jpg,unmasked (1512).txt
unmasked (1476).jpg,unmasked (1476).txt
masked (1341).jpg,masked (1341).txt
459-with-mask.jpg,459-with-mask.txt
unmasked (1307).jpg,unmasked (1307).txt
unmasked (1263).jpg,unmasked (1263).txt
masked (1554).jpg,masked (1554).txt
masked (1430).jpg,masked (1430).txt
163-with-mask.jpg,163-with-mask.txt
275-with-mask.jpg,275-with-mask.txt
395-with-mask.jpg,395-with-mask.txt
with_mask (55).jpg,with_mask (55).txt
unmasked (1493).jpg,unmasked (1493).txt
unmasked (1610).jpg,unmasked (1610).txt
masked (1306).jpg,masked (1306).txt
unmasked (1555).jpg,unmasked (1555).txt
200-with-mask.jpg,200-with-mask.txt
116-with-mask.jpg,116-with-mask.txt
with_maskb (3).jpg,with_maskb (3).txt
masked (1611).jpg,masked (1611).txt
pra2.jpg,pra2.txt
masked (1492).jpg,masked (1492).txt
84-with-mask.jpg,84-with-mask.txt
unmasked (1683).jpg,unmasked (1683).txt
unmasked (1564).jpg,unmasked (1564).txt
177-with-mask.jpg,177-with-mask.txt
unmasked (1400).jpg,unmasked (1400).txt
masked (1337).jpg,masked (1337).txt
381-with-mask.jpg,381-with-mask.txt
261-with-mask.jpg,261-with-mask.txt
unmasked (1394).jpg,unmasked (1394).txt
189-with-mask.jpg,189-with-mask.txt
masked (1894).jpg,masked (1894).txt
masked (1620).jpg,masked (1620).txt
masked (1401).jpg,masked (1401).txt
214-with-mask.jpg,214-with-mask.txt
masked (1565).jpg,masked (1565).txt
unmasked (1252).jpg,unmasked (1252).txt
unmasked (1336).jpg,unmasked (1336).txt
masked (1682).jpg,masked (1682).txt
438-with-mask.jpg,438-with-mask.txt
with_mask (102).jpg,with_mask (102).txt
unmasked (1621).jpg,unmasked (1621).txt
masked (1395).jpg,masked (1395).txt
with_mask (64).jpg,with_mask (64).txt
masked (1609).jpg,masked (1609).txt
unmasked (1292).jpg,unmasked (1292).txt
471-with-mask.jpg,471-with-mask.txt
masked (1642).jpg,masked (1642).txt
27-with-mask.jpg,27-with-mask.txt
with_mask (3).jpg,with_mask (3).txt
with_maskb (15).jpg,with_maskb (15).txt
unmasked (1429).jpg,unmasked (1429).txt
unmasked (1785).jpg,unmasked (1785).txt
343-with-mask.jpg,343-with-mask.txt
masked (1355).jpg,masked (1355).txt
unmasked (1506).jpg,unmasked (1506).txt
unmasked (1462).jpg,unmasked (1462).txt
228-with-mask.jpg,228-with-mask.txt
52-with-mask.jpg,52-with-mask.txt
7-with-mask.jpg,7-with-mask.txt
404-with-mask.jpg,404-with-mask.txt
masked (1293).jpg,masked (1293).txt
masked (1463).jpg,masked (1463).txt
masked (1507).jpg,masked (1507).txt
336-with-mask.jpg,336-with-mask.txt
masked (6).jpg,masked (6).txt
masked (1428).jpg,masked (1428).txt
unmasked (1639).jpg,unmasked (1639).txt
with_mask (37).jpg,with_mask (37).txt
unmasked (1595).jpg,unmasked (1595).txt
33-with-mask.jpg,33-with-mask.txt
unmasked (1716).jpg,unmasked (1716).txt
unmasked (1672).jpg,unmasked (1672).txt
357-with-mask.jpg,357-with-mask.txt
masked (1901).jpg,masked (1901).txt
masked (1865).jpg,masked (1865).txt
masked (1419).jpg,masked (1419).txt
masked (1536).jpg,masked (1536).txt
masked (1452).jpg,masked (1452).txt
masked (1673).jpg,masked (1673).txt
46-with-mask.jpg,46-with-mask.txt
masked (1638).jpg,masked (1638).txt
masked (1594).jpg,masked (1594).txt
unmasked (1453).jpg,unmasked (1453).txt
with_mask (95).jpg,with_mask (95).txt
unmasked (1537).jpg,unmasked (1537).txt
masked (1364).jpg,masked (1364).txt
322-with-mask.jpg,322-with-mask.txt
unmasked (1864).jpg,unmasked (1864).txt
unmasked (1418).jpg,unmasked (1418).txt
unmasked (1900).jpg,unmasked (1900).txt
448-with-mask.jpg,448-with-mask.txt
unmasked (1560).jpg,unmasked (1560).txt
unmasked (1404).jpg,unmasked (1404).txt
masked (1333).jpg,masked (1333).txt
masked (1257).jpg,masked (1257).txt
172-with-mask.jpg,172-with-mask.txt
masked (1378).jpg,masked (1378).txt
384-with-mask.jpg,384-with-mask.txt
with_mask (89).jpg,with_mask (89).txt
masked (1588).jpg,masked (1588).txt
masked (1890).jpg,masked (1890).txt
masked (1624).jpg,masked (1624).txt
unmasked (1390).jpg,unmasked (1390).txt
132.jpg,132.txt
211-with-mask.jpg,211-with-mask.txt
masked (1686).jpg,masked (1686).txt
107-with-mask.jpg,107-with-mask.txt
masked (1879).jpg,masked (1879).txt
masked (1405).jpg,masked (1405).txt
masked (1561).jpg,masked (1561).txt
unmasked (1256).jpg,unmasked (1256).txt
unmasked (1332).jpg,unmasked (1332).txt
masked (1391).jpg,masked (1391).txt
with_mask (60).jpg,with_mask (60).txt
unmasked (1891).jpg,unmasked (1891).txt
unmasked (1625).jpg,unmasked (1625).txt
unmasked (1741).jpg,unmasked (1741).txt
unmasked (1303).jpg,unmasked (1303).txt
unmasked (1267).jpg,unmasked (1267).txt
masked (1550).jpg,masked (1550).txt
masked (1434).jpg,masked (1434).txt
270-with-mask.jpg,270-with-mask.txt
390-with-mask.jpg,390-with-mask.txt
unmasked (1614).jpg,unmasked (1614).txt
198-with-mask.jpg,198-with-mask.txt
with_mask (51).jpg,with_mask (51).txt
149.jpg,149.txt
unmasked (1497).jpg,unmasked (1497).txt
205-with-mask.jpg,205-with-mask.txt
113-with-mask.jpg,113-with-mask.txt
masked (1349).jpg,masked (1349).txt
masked (1266).jpg,masked (1266).txt
masked (1302).jpg,masked (1302).txt
unmasked (1435).jpg,unmasked (1435).txt
429-with-mask.jpg,429-with-mask.txt
unmasked (1551).jpg,unmasked (1551).txt
masked (1496).jpg,masked (1496).txt
masked (1615).jpg,masked (1615).txt
with_maskb (7).jpg,with_maskb (7).txt
81-with-mask.jpg,81-with-mask.txt
with_mask (78).jpg,with_mask (78).txt
460-with-mask.jpg,460-with-mask.txt
masked (1389).jpg,masked (1389).txt
36-with-mask.jpg,36-with-mask.txt
unmasked (1591).jpg,unmasked (1591).txt
with_mask (33).jpg,with_mask (33).txt
masked (1532).jpg,masked (1532).txt
masked (1456).jpg,masked (1456).txt
masked (1579).jpg,masked (1579).txt
masked (1905).jpg,masked (1905).txt
masked (1861).jpg,masked (1861).txt
with_maska (4).jpg,with_maska (4).txt
239-with-mask.jpg,239-with-mask.txt
masked (1888).jpg,masked (1888).txt
43-with-mask.jpg,43-with-mask.txt
masked (1590).jpg,masked (1590).txt
415-with-mask.jpg,415-with-mask.txt
masked (1677).jpg,masked (1677).txt
unmasked (1388).jpg,unmasked (1388).txt
unmasked (1578).jpg,unmasked (1578).txt
unmasked (1904).jpg,unmasked (1904).txt
unmasked (1457).jpg,unmasked (1457).txt
unmasked (1533).jpg,unmasked (1533).txt
with_mask (91).jpg,with_mask (91).txt
327-with-mask.jpg,327-with-mask.txt
masked (1360).jpg,masked (1360).txt
with_mask (7).jpg,with_mask (7).txt
masked (1646).jpg,masked (1646).txt
474-with-mask.jpg,474-with-mask.txt
masked (1351).jpg,masked (1351).txt
unmasked (1502).jpg,unmasked (1502).txt
unmasked (1466).jpg,unmasked (1466).txt
346-with-mask.jpg,346-with-mask.txt
unmasked (1549).jpg,unmasked (1549).txt
with_maskb (11).jpg,with_maskb (11).txt
57-with-mask.jpg,57-with-mask.txt
masked (1297).jpg,masked (1297).txt
401-with-mask.jpg,401-with-mask.txt
2-with-mask.jpg,2-with-mask.txt
unmasked (1647).jpg,unmasked (1647).txt
with_mask (49).jpg,with_mask (49).txt
masked (1548).jpg,masked (1548).txt
333-with-mask.jpg,333-with-mask.txt
masked (1467).jpg,masked (1467).txt
masked (1503).jpg,masked (1503).txt
105-with-mask.jpg,105-with-mask.txt
unmasked (1611).jpg,unmasked (1611).txt
with_mask (54).jpg,with_mask (54).txt
unmasked (1492).jpg,unmasked (1492).txt
unmasked (1306).jpg,unmasked (1306).txt
unmasked (1262).jpg,unmasked (1262).txt
masked (1555).jpg,masked (1555).txt
masked (1431).jpg,masked (1431).txt
97-with-mask.jpg,97-with-mask.txt
masked (1493).jpg,masked (1493).txt
with_maskb (2).jpg,with_maskb (2).txt
170-with-mask.jpg,170-with-mask.txt
masked (1610).jpg,masked (1610).txt
386-with-mask.jpg,386-with-mask.txt
unmasked (1807).jpg,unmasked (1807).txt
378-with-mask.jpg,378-with-mask.txt
298-with-mask.jpg,298-with-mask.txt
masked (1263).jpg,masked (1263).txt
masked (1307).jpg,masked (1307).txt
unmasked (1430).jpg,unmasked (1430).txt
unmasked (1554).jpg,unmasked (1554).txt
207-with-mask.jpg,207-with-mask.txt
masked (1895).jpg,masked (1895).txt
111-with-mask.jpg,111-with-mask.txt
masked (1621).jpg,masked (1621).txt
unmasked (1395).jpg,unmasked (1395).txt
unmasked (1565).jpg,unmasked (1565).txt
unmasked (1401).jpg,unmasked (1401).txt
masked (1336).jpg,masked (1336).txt
unmasked (1682).jpg,unmasked (1682).txt
319-with-mask.jpg,319-with-mask.txt
83-with-mask.jpg,83-with-mask.txt
masked (1394).jpg,masked (1394).txt
with_mask (65).jpg,with_mask (65).txt
with_mask (103).jpg,with_mask (103).txt
unmasked (1894).jpg,unmasked (1894).txt
392-with-mask.jpg,392-with-mask.txt
unmasked (1620).jpg,unmasked (1620).txt
272-with-mask.jpg,272-with-mask.txt
masked (1683).jpg,masked (1683).txt
masked (1400).jpg,masked (1400).txt
masked (1564).jpg,masked (1564).txt
unmasked (1253).jpg,unmasked (1253).txt
unmasked (1337).jpg,unmasked (1337).txt
41-with-mask.jpg,41-with-mask.txt
masked (1354).jpg,masked (1354).txt
unmasked (1507).jpg,unmasked (1507).txt
unmasked (1463).jpg,unmasked (1463).txt
417-with-mask.jpg,417-with-mask.txt
with_maskb (14).jpg,with_maskb (14).txt
unmasked (1854).jpg,unmasked (1854).txt
unmasked (1428).jpg,unmasked (1428).txt
masked (1643).jpg,masked (1643).txt
with_mask (2).jpg,with_mask (2).txt
325-with-mask.jpg,325-with-mask.txt
masked (1608).jpg,masked (1608).txt
unmasked (1293).jpg,unmasked (1293).txt
masked (7).jpg,masked (7).txt
masked (1429).jpg,masked (1429).txt
462-with-mask.jpg,462-with-mask.txt
34-with-mask.jpg,34-with-mask.txt
prajna.jpg,prajna.txt
158-with-mask.jpg,158-with-mask.txt
masked (1462).jpg,masked (1462).txt
masked (1506).jpg,masked (1506).txt
unmasked (1609).jpg,unmasked (1609).txt
masked (1292).jpg,masked (1292).txt
unmasked (1642).jpg,unmasked (1642).txt
139-with-mask.jpg,139-with-mask.txt
masked (1537).jpg,masked (1537).txt
masked (1453).jpg,masked (1453).txt
0-with-mask.jpg,0-with-mask.txt
with_maska (1).jpg,with_maska (1).txt
masked (1900).jpg,masked (1900).txt
masked (1864).jpg,masked (1864).txt
masked (1418).jpg,masked (1418).txt
unmasked (1673).jpg,unmasked (1673).txt
unmasked (1638).jpg,unmasked (1638).txt
with_mask (36).jpg,with_mask (36).txt
331-with-mask.jpg,331-with-mask.txt
unmasked (1594).jpg,unmasked (1594).txt
476-with-mask.jpg,476-with-mask.txt
unmasked (1865).jpg,unmasked (1865).txt
unmasked (1419).jpg,unmasked (1419).txt
unmasked (1452).jpg,unmasked (1452).txt
with_mask (94).jpg,with_mask (94).txt
unmasked (1536).jpg,unmasked (1536).txt
masked (1365).jpg,masked (1365).txt
masked (1639).jpg,masked (1639).txt
masked (1595).jpg,masked (1595).txt
344-with-mask.jpg,344-with-mask.txt
masked (1672).jpg,masked (1672).txt
202-with-mask.jpg,202-with-mask.txt
unmasked (1391).jpg,unmasked (1391).txt
78-with-mask.jpg,78-with-mask.txt
114-with-mask.jpg,114-with-mask.txt
masked (1589).jpg,masked (1589).txt
masked (1891).jpg,masked (1891).txt
masked (1625).jpg,masked (1625).txt
masked (1379).jpg,masked (1379).txt
with_mask (88).jpg,with_mask (88).txt
unmasked (1561).jpg,unmasked (1561).txt
unmasked (1879).jpg,unmasked (1879).txt
unmasked (1405).jpg,unmasked (1405).txt
masked (1332).jpg,masked (1332).txt
86-with-mask.jpg,86-with-mask.txt
unmasked (1588).jpg,unmasked (1588).txt
unmasked (1624).jpg,unmasked (1624).txt
161-with-mask.jpg,161-with-mask.txt
masked (1390).jpg,masked (1390).txt
with_mask (61).jpg,with_mask (61).txt
397-with-mask.jpg,397-with-mask.txt
277-with-mask.jpg,277-with-mask.txt
289-with-mask.jpg,289-with-mask.txt
369-with-mask.jpg,369-with-mask.txt
masked (1878).jpg,masked (1878).txt
masked (1404).jpg,masked (1404).txt
masked (1560).jpg,masked (1560).txt
unmasked (1257).jpg,unmasked (1257).txt
unmasked (1333).jpg,unmasked (1333).txt
masked (1687).jpg,masked (1687).txt
unmasked (1378).jpg,unmasked (1378).txt
with_mask (50).jpg,with_mask (50).txt
unmasked (1496).jpg,unmasked (1496).txt
159.jpg,159.txt
100-with-mask.jpg,100-with-mask.txt
unmasked (1615).jpg,unmasked (1615).txt
92-with-mask.jpg,92-with-mask.txt
unmasked (1302).jpg,unmasked (1302).txt
unmasked (1266).jpg,unmasked (1266).txt
masked (1551).jpg,masked (1551).txt
308-with-mask.jpg,308-with-mask.txt
masked (1435).jpg,masked (1435).txt
masked (1614).jpg,masked (1614).txt
with_maskb (6).jpg,with_maskb (6).txt
masked (1497).jpg,masked (1497).txt
175-with-mask.jpg,175-with-mask.txt
263-with-mask.jpg,263-with-mask.txt
383-with-mask.jpg,383-with-mask.txt
masked (1267).jpg,masked (1267).txt
masked (1303).jpg,masked (1303).txt
unmasked (1434).jpg,unmasked (1434).txt
unmasked (1550).jpg,unmasked (1550).txt
unmasked (1803).jpg,unmasked (1803).txt
masked (1348).jpg,masked (1348).txt
masked (1578).jpg,masked (1578).txt
masked (1904).jpg,masked (1904).txt
50-with-mask.jpg,50-with-mask.txt
with_maska (5).jpg,with_maska (5).txt
masked (1533).jpg,masked (1533).txt
masked (1457).jpg,masked (1457).txt
406-with-mask.jpg,406-with-mask.txt
5-with-mask.jpg,5-with-mask.txt
unmasked (1758).jpg,unmasked (1758).txt
with_mask (32).jpg,with_mask (32).txt
unmasked (1888).jpg,unmasked (1888).txt
334-with-mask.jpg,334-with-mask.txt
with_mask (79).jpg,with_mask (79).txt
masked (1388).jpg,masked (1388).txt
unmasked (1677).jpg,unmasked (1677).txt
unmasked (1456).jpg,unmasked (1456).txt
unmasked (1532).jpg,unmasked (1532).txt
with_mask (90).jpg,with_mask (90).txt
masked (1361).jpg,masked (1361).txt
473-with-mask.jpg,473-with-mask.txt
unmasked (1579).jpg,unmasked (1579).txt
masked (1676).jpg,masked (1676).txt
unmasked (1389).jpg,unmasked (1389).txt
masked (1889).jpg,masked (1889).txt
masked (1591).jpg,masked (1591).txt
128-with-mask.jpg,128-with-mask.txt
with_maskb (10).jpg,with_maskb (10).txt
masked (1350).jpg,masked (1350).txt
unmasked (1503).jpg,unmasked (1503).txt
unmasked (1467).jpg,unmasked (1467).txt
unmasked (1297).jpg,unmasked (1297).txt
with_mask (6).jpg,with_mask (6).txt
masked (1647).jpg,masked (1647).txt
masked (1466).jpg,masked (1466).txt
masked (1502).jpg,masked (1502).txt
467-with-mask.jpg,467-with-mask.txt
masked (1549).jpg,masked (1549).txt
31-with-mask.jpg,31-with-mask.txt
masked (3).jpg,masked (3).txt
unmasked (1646).jpg,unmasked (1646).txt
355-with-mask.jpg,355-with-mask.txt
with_mask (48).jpg,with_mask (48).txt
masked (1296).jpg,masked (1296).txt
unmasked (1769).jpg,unmasked (1769).txt
127-with-mask.jpg,127-with-mask.txt
masked (1600).jpg,masked (1600).txt
231-with-mask.jpg,231-with-mask.txt
masked (1483).jpg,masked (1483).txt
unmasked (1420).jpg,unmasked (1420).txt
unmasked (1544).jpg,unmasked (1544).txt
masked (1273).jpg,masked (1273).txt
masked (1317).jpg,masked (1317).txt
with_mask (44).jpg,with_mask (44).txt
unmasked (1482).jpg,unmasked (1482).txt
244-with-mask.jpg,244-with-mask.txt
unmasked (1601).jpg,unmasked (1601).txt
152-with-mask.jpg,152-with-mask.txt
masked (1545).jpg,masked (1545).txt
masked (1421).jpg,masked (1421).txt
unmasked (1316).jpg,unmasked (1316).txt
unmasked (1272).jpg,unmasked (1272).txt
unmasked (1630).jpg,unmasked (1630).txt
133-with-mask.jpg,133-with-mask.txt
225-with-mask.jpg,225-with-mask.txt
409-with-mask.jpg,409-with-mask.txt
with_mask (75).jpg,with_mask (75).txt
masked (1384).jpg,masked (1384).txt
with_maska (9).jpg,with_maska (9).txt
unmasked (1327).jpg,unmasked (1327).txt
masked (1410).jpg,masked (1410).txt
masked (1908).jpg,masked (1908).txt
masked (1574).jpg,masked (1574).txt
masked (1693).jpg,masked (1693).txt
unmasked (1385).jpg,unmasked (1385).txt
0.jpg,0.txt
masked (1631).jpg,masked (1631).txt
masked (1885).jpg,masked (1885).txt
146-with-mask.jpg,146-with-mask.txt
masked (1326).jpg,masked (1326).txt
unmasked (1575).jpg,unmasked (1575).txt
unmasked (1411).jpg,unmasked (1411).txt
masked (1472).jpg,masked (1472).txt
219-with-mask.jpg,219-with-mask.txt
masked (1516).jpg,masked (1516).txt
masked (1439).jpg,masked (1439).txt
435-with-mask.jpg,435-with-mask.txt
unmasked (1652).jpg,unmasked (1652).txt
148.jpg,148.txt
masked (1282).jpg,masked (1282).txt
307-with-mask.jpg,307-with-mask.txt
unmasked (1619).jpg,unmasked (1619).txt
with_mask (17).jpg,with_mask (17).txt
unmasked (1794).jpg,unmasked (1794).txt
unmasked (1438).jpg,unmasked (1438).txt
440-with-mask.jpg,440-with-mask.txt
unmasked (1517).jpg,unmasked (1517).txt
unmasked (1473).jpg,unmasked (1473).txt
masked (1344).jpg,masked (1344).txt
with_maska (12).jpg,with_maska (12).txt
masked (1618).jpg,masked (1618).txt
184-with-mask.jpg,184-with-mask.txt
134.jpg,134.txt
masked (1653).jpg,masked (1653).txt
masked (1375).jpg,masked (1375).txt
unmasked (1442).jpg,unmasked (1442).txt
77-with-mask.jpg,77-with-mask.txt
unmasked (1526).jpg,unmasked (1526).txt
with_mask (84).jpg,with_mask (84).txt
unmasked (1409).jpg,unmasked (1409).txt
unmasked (1875).jpg,unmasked (1875).txt
421-with-mask.jpg,421-with-mask.txt
masked (1662).jpg,masked (1662).txt
89-with-mask.jpg,89-with-mask.txt
masked (1585).jpg,masked (1585).txt
with_maska (23).jpg,with_maska (23).txt
masked (1629).jpg,masked (1629).txt
313-with-mask.jpg,313-with-mask.txt
masked (1910).jpg,masked (1910).txt
454-with-mask.jpg,454-with-mask.txt
masked (1408).jpg,masked (1408).txt
masked (1874).jpg,masked (1874).txt
unmasked (1374).jpg,unmasked (1374).txt
masked (1527).jpg,masked (1527).txt
masked (1443).jpg,masked (1443).txt
278-with-mask.jpg,278-with-mask.txt
398-with-mask.jpg,398-with-mask.txt
366-with-mask.jpg,366-with-mask.txt
286-with-mask.jpg,286-with-mask.txt
unmasked (1584).jpg,unmasked (1584).txt
with_mask (26).jpg,with_mask (26).txt
190-with-mask.jpg,190-with-mask.txt
unmasked (1628).jpg,unmasked (1628).txt
unmasked (1663).jpg,unmasked (1663).txt
136-with-mask.jpg,136-with-mask.txt
with_mask (71).jpg,with_mask (71).txt
masked (1380).jpg,masked (1380).txt
unmasked (1634).jpg,unmasked (1634).txt
unmasked (1598).jpg,unmasked (1598).txt
masked (1697).jpg,masked (1697).txt
unmasked (1323).jpg,unmasked (1323).txt
masked (1414).jpg,masked (1414).txt
masked (1868).jpg,masked (1868).txt
masked (1570).jpg,masked (1570).txt
masked (1635).jpg,masked (1635).txt
masked (1599).jpg,masked (1599).txt
479-with-mask.jpg,479-with-mask.txt
masked (1881).jpg,masked (1881).txt
unmasked (1381).jpg,unmasked (1381).txt
masked (1322).jpg,masked (1322).txt
unmasked (1571).jpg,unmasked (1571).txt
unmasked (1415).jpg,unmasked (1415).txt
unmasked (1869).jpg,unmasked (1869).txt
with_mask (98).jpg,with_mask (98).txt
unmasked (1822).jpg,unmasked (1822).txt
masked (1369).jpg,masked (1369).txt
122-with-mask.jpg,122-with-mask.txt
masked (1487).jpg,masked (1487).txt
234-with-mask.jpg,234-with-mask.txt
332.jpg,332.txt
418-with-mask.jpg,418-with-mask.txt
masked (1604).jpg,masked (1604).txt
masked (1358).jpg,masked (1358).txt
unmasked (1813).jpg,unmasked (1813).txt
unmasked (1424).jpg,unmasked (1424).txt
unmasked (1858).jpg,unmasked (1858).txt
unmasked (1540).jpg,unmasked (1540).txt
masked (1277).jpg,masked (1277).txt
masked (1313).jpg,masked (1313).txt
unmasked (1788).jpg,unmasked (1788).txt
unmasked (1761).jpg,unmasked (1761).txt
unmasked (1605).jpg,unmasked (1605).txt
241-with-mask.jpg,241-with-mask.txt
157-with-mask.jpg,157-with-mask.txt
with_mask (40).jpg,with_mask (40).txt
unmasked (1486).jpg,unmasked (1486).txt
masked (1541).jpg,masked (1541).txt
masked (1425).jpg,masked (1425).txt
unmasked (1312).jpg,unmasked (1312).txt
unmasked (1276).jpg,unmasked (1276).txt
72-with-mask.jpg,72-with-mask.txt
unmasked (1569).jpg,unmasked (1569).txt
masked (1371).jpg,masked (1371).txt
unmasked (1446).jpg,unmasked (1446).txt
with_mask (80).jpg,with_mask (80).txt
unmasked (1522).jpg,unmasked (1522).txt
masked (1899).jpg,masked (1899).txt
masked (1581).jpg,masked (1581).txt
with_maska (27).jpg,with_maska (27).txt
masked (1666).jpg,masked (1666).txt
masked (1702).jpg,masked (1702).txt
unmasked (1399).jpg,unmasked (1399).txt
316-with-mask.jpg,316-with-mask.txt
451-with-mask.jpg,451-with-mask.txt
masked (1523).jpg,masked (1523).txt
masked (1447).jpg,masked (1447).txt
masked (1914).jpg,masked (1914).txt
masked (1568).jpg,masked (1568).txt
masked (1870).jpg,masked (1870).txt
masked (1398).jpg,masked (1398).txt
with_mask (69).jpg,with_mask (69).txt
283-with-mask.jpg,283-with-mask.txt
195-with-mask.jpg,195-with-mask.txt
with_mask (22).jpg,with_mask (22).txt
unmasked (1580).jpg,unmasked (1580).txt
unmasked (1748).jpg,unmasked (1748).txt
masked (1559).jpg,masked (1559).txt
431.jpg,431.txt
masked (1476).jpg,masked (1476).txt
430-with-mask.jpg,430-with-mask.txt
masked (1512).jpg,masked (1512).txt
unmasked (1341).jpg,unmasked (1341).txt
masked (1286).jpg,masked (1286).txt
with_mask (13).jpg,with_mask (13).txt
with_mask (58).jpg,with_mask (58).txt
unmasked (1656).jpg,unmasked (1656).txt
unmasked (1732).jpg,unmasked (1732).txt
302-with-mask.jpg,302-with-mask.txt
98-with-mask.jpg,98-with-mask.txt
445-with-mask.jpg,445-with-mask.txt
unmasked (1513).jpg,unmasked (1513).txt
unmasked (1477).jpg,unmasked (1477).txt
masked (1340).jpg,masked (1340).txt
13-with-mask.jpg,13-with-mask.txt
unmasked (1558).jpg,unmasked (1558).txt
unmasked (1840).jpg,unmasked (1840).txt
269-with-mask.jpg,269-with-mask.txt
masked (1657).jpg,masked (1657).txt
377-with-mask.jpg,377-with-mask.txt
181-with-mask.jpg,181-with-mask.txt
pra3.jpg,pra3.txt
with_maska (16).jpg,with_maska (16).txt
unmasked (1287).jpg,unmasked (1287).txt
unmasked (1479).jpg,unmasked (1479).txt
221-with-mask.jpg,221-with-mask.txt
137-with-mask.jpg,137-with-mask.txt
masked (1261).jpg,masked (1261).txt
masked (1305).jpg,masked (1305).txt
unmasked (1432).jpg,unmasked (1432).txt
unmasked (1556).jpg,unmasked (1556).txt
masked (1491).jpg,masked (1491).txt
masked (1659).jpg,masked (1659).txt
masked (1612).jpg,masked (1612).txt
unmasked (1289).jpg,unmasked (1289).txt
with_maska (18).jpg,with_maska (18).txt
unmasked (1304).jpg,unmasked (1304).txt
unmasked (1260).jpg,unmasked (1260).txt
478-with-mask.jpg,478-with-mask.txt
masked (1557).jpg,masked (1557).txt
masked (1433).jpg,masked (1433).txt
masked (1478).jpg,masked (1478).txt
254-with-mask.jpg,254-with-mask.txt
unmasked (1777).jpg,unmasked (1777).txt
unmasked (1613).jpg,unmasked (1613).txt
masked (1288).jpg,masked (1288).txt
with_mask (56).jpg,with_mask (56).txt
unmasked (1490).jpg,unmasked (1490).txt
masked (1681).jpg,masked (1681).txt
235-with-mask.jpg,235-with-mask.txt
masked (1449).jpg,masked (1449).txt
123-with-mask.jpg,123-with-mask.txt
masked (1402).jpg,masked (1402).txt
masked (1566).jpg,masked (1566).txt
unmasked (1251).jpg,unmasked (1251).txt
unmasked (1335).jpg,unmasked (1335).txt
419-with-mask.jpg,419-with-mask.txt
unmasked (1669).jpg,unmasked (1669).txt
masked (1396).jpg,masked (1396).txt
with_mask (67).jpg,with_mask (67).txt
with_mask (101).jpg,with_mask (101).txt
unmasked (1622).jpg,unmasked (1622).txt
unmasked (1746).jpg,unmasked (1746).txt
unmasked (1567).jpg,unmasked (1567).txt
unmasked (1403).jpg,unmasked (1403).txt
masked (1334).jpg,masked (1334).txt
unmasked (1680).jpg,unmasked (1680).txt
156-with-mask.jpg,156-with-mask.txt
unmasked (1834).jpg,unmasked (1834).txt
unmasked (1448).jpg,unmasked (1448).txt
240-with-mask.jpg,240-with-mask.txt
masked (1897).jpg,masked (1897).txt
masked (1623).jpg,masked (1623).txt
with_maska (29).jpg,with_maska (29).txt
unmasked (1397).jpg,unmasked (1397).txt
masked (1668).jpg,masked (1668).txt
masked (1290).jpg,masked (1290).txt
73-with-mask.jpg,73-with-mask.txt
209-with-mask.jpg,209-with-mask.txt
425-with-mask.jpg,425-with-mask.txt
unmasked (1640).jpg,unmasked (1640).txt
unmasked (1488).jpg,unmasked (1488).txt
masked (5).jpg,masked (5).txt
unmasked (1278).jpg,unmasked (1278).txt
317-with-mask.jpg,317-with-mask.txt
masked (1460).jpg,masked (1460).txt
masked (1504).jpg,masked (1504).txt
masked (1641).jpg,masked (1641).txt
masked (1489).jpg,masked (1489).txt
450-with-mask.jpg,450-with-mask.txt
unmasked (1291).jpg,unmasked (1291).txt
194-with-mask.jpg,194-with-mask.txt
masked (1356).jpg,masked (1356).txt
282-with-mask.jpg,282-with-mask.txt
unmasked (1505).jpg,unmasked (1505).txt
unmasked (1461).jpg,unmasked (1461).txt
362-with-mask.jpg,362-with-mask.txt
unmasked (1856).jpg,unmasked (1856).txt
masked (1279).jpg,masked (1279).txt
masked (1597).jpg,masked (1597).txt
67-with-mask.jpg,67-with-mask.txt
masked (1670).jpg,masked (1670).txt
431-with-mask.jpg,431-with-mask.txt
unmasked (1867).jpg,unmasked (1867).txt
unmasked (1903).jpg,unmasked (1903).txt
99-with-mask.jpg,99-with-mask.txt
303-with-mask.jpg,303-with-mask.txt
unmasked (1450).jpg,unmasked (1450).txt
unmasked (1534).jpg,unmasked (1534).txt
with_mask (96).jpg,with_mask (96).txt
masked (1367).jpg,masked (1367).txt
unmasked (1671).jpg,unmasked (1671).txt
444-with-mask.jpg,444-with-mask.txt
268-with-mask.jpg,268-with-mask.txt
12-with-mask.jpg,12-with-mask.txt
unmasked (1596).jpg,unmasked (1596).txt
with_mask (34).jpg,with_mask (34).txt
180-with-mask.jpg,180-with-mask.txt
masked (1535).jpg,masked (1535).txt
376-with-mask.jpg,376-with-mask.txt
masked (1451).jpg,masked (1451).txt
296-with-mask.jpg,296-with-mask.txt
masked (1699).jpg,masked (1699).txt
with_maska (3).jpg,with_maska (3).txt
137.jpg,137.txt
masked (1902).jpg,masked (1902).txt
masked (1866).jpg,masked (1866).txt
masked (1406).jpg,masked (1406).txt
masked (1562).jpg,masked (1562).txt
unmasked (1255).jpg,unmasked (1255).txt
126-with-mask.jpg,126-with-mask.txt
unmasked (1331).jpg,unmasked (1331).txt
masked (1685).jpg,masked (1685).txt
masked (1529).jpg,masked (1529).txt
with_mask (28).jpg,with_mask (28).txt
unmasked (1626).jpg,unmasked (1626).txt
with_mask (105).jpg,with_mask (105).txt
masked (1392).jpg,masked (1392).txt
unmasked (1709).jpg,unmasked (1709).txt
with_mask (63).jpg,with_mask (63).txt
unmasked (1528).jpg,unmasked (1528).txt
153-with-mask.jpg,153-with-mask.txt
unmasked (1563).jpg,unmasked (1563).txt
unmasked (1407).jpg,unmasked (1407).txt
masked (1330).jpg,masked (1330).txt
245-with-mask.jpg,245-with-mask.txt
unmasked (1393).jpg,unmasked (1393).txt
masked (1893).jpg,masked (1893).txt
masked (1627).jpg,masked (1627).txt
224-with-mask.jpg,224-with-mask.txt
masked (1265).jpg,masked (1265).txt
masked (1301).jpg,masked (1301).txt
132-with-mask.jpg,132-with-mask.txt
unmasked (1436).jpg,unmasked (1436).txt
unmasked (1552).jpg,unmasked (1552).txt
unmasked (1519).jpg,unmasked (1519).txt
408-with-mask.jpg,408-with-mask.txt
masked (1616).jpg,masked (1616).txt
with_maskb (4).jpg,with_maskb (4).txt
masked (1495).jpg,masked (1495).txt
masked (1518).jpg,masked (1518).txt
147-with-mask.jpg,147-with-mask.txt
unmasked (1264).jpg,unmasked (1264).txt
251-with-mask.jpg,251-with-mask.txt
masked (1553).jpg,masked (1553).txt
masked (1437).jpg,masked (1437).txt
with_mask (52).jpg,with_mask (52).txt
unmasked (1494).jpg,unmasked (1494).txt
unmasked (1617).jpg,unmasked (1617).txt
with_mask (19).jpg,with_mask (19).txt
masked (1674).jpg,masked (1674).txt
62-with-mask.jpg,62-with-mask.txt
218-with-mask.jpg,218-with-mask.txt
434-with-mask.jpg,434-with-mask.txt
masked (1593).jpg,masked (1593).txt
unmasked (1454).jpg,unmasked (1454).txt
with_mask (92).jpg,with_mask (92).txt
unmasked (1530).jpg,unmasked (1530).txt
masked (1363).jpg,masked (1363).txt
masked (1328).jpg,masked (1328).txt
unmasked (1907).jpg,unmasked (1907).txt
306-with-mask.jpg,306-with-mask.txt
441-with-mask.jpg,441-with-mask.txt
with_mask (30).jpg,with_mask (30).txt
unmasked (1592).jpg,unmasked (1592).txt
unmasked (1329).jpg,unmasked (1329).txt
185-with-mask.jpg,185-with-mask.txt
masked (1906).jpg,masked (1906).txt
masked (1862).jpg,masked (1862).txt
293-with-mask.jpg,293-with-mask.txt
with_maska (7).jpg,with_maska (7).txt
masked (1531).jpg,masked (1531).txt
masked (1455).jpg,masked (1455).txt
unmasked (1644).jpg,unmasked (1644).txt
76-with-mask.jpg,76-with-mask.txt
420-with-mask.jpg,420-with-mask.txt
masked (1464).jpg,masked (1464).txt
masked (1500).jpg,masked (1500).txt
88-with-mask.jpg,88-with-mask.txt
unmasked (1318).jpg,unmasked (1318).txt
unmasked (1295).jpg,unmasked (1295).txt
455-with-mask.jpg,455-with-mask.txt
399-with-mask.jpg,399-with-mask.txt
with_mask (4).jpg,with_mask (4).txt
279-with-mask.jpg,279-with-mask.txt
masked (1645).jpg,masked (1645).txt
unmasked (1852).jpg,unmasked (1852).txt
masked (1319).jpg,masked (1319).txt
287-with-mask.jpg,287-with-mask.txt
with_maskb (12).jpg,with_maskb (12).txt
masked (1352).jpg,masked (1352).txt
unmasked (1501).jpg,unmasked (1501).txt
unmasked (1819).jpg,unmasked (1819).txt
unmasked (1465).jpg,unmasked (1465).txt
115-with-mask.jpg,115-with-mask.txt
79-with-mask.jpg,79-with-mask.txt
masked (1468).jpg,masked (1468).txt
203-with-mask.jpg,203-with-mask.txt
masked (1547).jpg,masked (1547).txt
masked (1423).jpg,masked (1423).txt
unmasked (1314).jpg,unmasked (1314).txt
unmasked (1270).jpg,unmasked (1270).txt
unmasked (1648).jpg,unmasked (1648).txt
with_mask (46).jpg,with_mask (46).txt
unmasked (1480).jpg,unmasked (1480).txt
masked (1298).jpg,masked (1298).txt
unmasked (1603).jpg,unmasked (1603).txt
unmasked (1422).jpg,unmasked (1422).txt
unmasked (1546).jpg,unmasked (1546).txt
masked (1271).jpg,masked (1271).txt
masked (1315).jpg,masked (1315).txt
276-with-mask.jpg,276-with-mask.txt
396-with-mask.jpg,396-with-mask.txt
unmasked (1469).jpg,unmasked (1469).txt
unmasked (1815).jpg,unmasked (1815).txt
160-with-mask.jpg,160-with-mask.txt
unmasked (1299).jpg,unmasked (1299).txt
masked (1602).jpg,masked (1602).txt
368-with-mask.jpg,368-with-mask.txt
288-with-mask.jpg,288-with-mask.txt
masked (1649).jpg,masked (1649).txt
masked (1481).jpg,masked (1481).txt
with_mask (8).jpg,with_mask (8).txt
101-with-mask.jpg,101-with-mask.txt
217-with-mask.jpg,217-with-mask.txt
unmasked (1458).jpg,unmasked (1458).txt
unmasked (1824).jpg,unmasked (1824).txt
unmasked (1690).jpg,unmasked (1690).txt
masked (1324).jpg,masked (1324).txt
unmasked (1577).jpg,unmasked (1577).txt
unmasked (1413).jpg,unmasked (1413).txt
unmasked (1387).jpg,unmasked (1387).txt
masked (1678).jpg,masked (1678).txt
309-with-mask.jpg,309-with-mask.txt
masked (1633).jpg,masked (1633).txt
masked (1887).jpg,masked (1887).txt
93-with-mask.jpg,93-with-mask.txt
unmasked (1325).jpg,unmasked (1325).txt
masked (1412).jpg,masked (1412).txt
masked (1576).jpg,masked (1576).txt
382-with-mask.jpg,382-with-mask.txt
262-with-mask.jpg,262-with-mask.txt
masked (1459).jpg,masked (1459).txt
174-with-mask.jpg,174-with-mask.txt
masked (1691).jpg,masked (1691).txt
unmasked (1632).jpg,unmasked (1632).txt
unmasked (1886).jpg,unmasked (1886).txt
with_mask (77).jpg,with_mask (77).txt
masked (1386).jpg,masked (1386).txt
with_maskb (8).jpg,with_maskb (8).txt
51-with-mask.jpg,51-with-mask.txt
with_maska (10).jpg,with_maska (10).txt
4-with-mask.jpg,4-with-mask.txt
407-with-mask.jpg,407-with-mask.txt
masked (1499).jpg,masked (1499).txt
masked (1651).jpg,masked (1651).txt
unmasked (1796).jpg,unmasked (1796).txt
masked (1269).jpg,masked (1269).txt
unmasked (1515).jpg,unmasked (1515).txt
unmasked (1471).jpg,unmasked (1471).txt
masked (1346).jpg,masked (1346).txt
335-with-mask.jpg,335-with-mask.txt
472-with-mask.jpg,472-with-mask.txt
unmasked (1498).jpg,unmasked (1498).txt
unmasked (1650).jpg,unmasked (1650).txt
148-with-mask.jpg,148-with-mask.txt
masked (1280).jpg,masked (1280).txt
with_mask (15).jpg,with_mask (15).txt
masked (1470).jpg,masked (1470).txt
masked (1514).jpg,masked (1514).txt
340-with-mask.jpg,340-with-mask.txt
unmasked (1268).jpg,unmasked (1268).txt
45-with-mask.jpg,45-with-mask.txt
with_mask (24).jpg,with_mask (24).txt
unmasked (1586).jpg,unmasked (1586).txt
129-with-mask.jpg,129-with-mask.txt
413-with-mask.jpg,413-with-mask.txt
masked (1912).jpg,masked (1912).txt
masked (1876).jpg,masked (1876).txt
unmasked (1376).jpg,unmasked (1376).txt
masked (1525).jpg,masked (1525).txt
masked (1441).jpg,masked (1441).txt
466-with-mask.jpg,466-with-mask.txt
masked (1660).jpg,masked (1660).txt
30-with-mask.jpg,30-with-mask.txt
masked (1587).jpg,masked (1587).txt
with_maska (21).jpg,with_maska (21).txt
unmasked (1688).jpg,unmasked (1688).txt
masked (1377).jpg,masked (1377).txt
unmasked (1440).jpg,unmasked (1440).txt
with_mask (86).jpg,with_mask (86).txt
unmasked (1524).jpg,unmasked (1524).txt
masked (1258).jpg,masked (1258).txt
masked (1320).jpg,masked (1320).txt
unmasked (1573).jpg,unmasked (1573).txt
unmasked (1417).jpg,unmasked (1417).txt
104-with-mask.jpg,104-with-mask.txt
68-with-mask.jpg,68-with-mask.txt
212-with-mask.jpg,212-with-mask.txt
unmasked (1538).jpg,unmasked (1538).txt
masked (1637).jpg,masked (1637).txt
masked (1883).jpg,masked (1883).txt
96-with-mask.jpg,96-with-mask.txt
unmasked (1383).jpg,unmasked (1383).txt
masked (1539).jpg,masked (1539).txt
masked (1695).jpg,masked (1695).txt
387-with-mask.jpg,387-with-mask.txt
unmasked (1321).jpg,unmasked (1321).txt
masked (1416).jpg,masked (1416).txt
267-with-mask.jpg,267-with-mask.txt
masked (1572).jpg,masked (1572).txt
171-with-mask.jpg,171-with-mask.txt
masked (11).jpg,masked (11).txt
with_mask (73).jpg,with_mask (73).txt
299-with-mask.jpg,299-with-mask.txt
379-with-mask.jpg,379-with-mask.txt
masked (1382).jpg,masked (1382).txt
unmasked (1636).jpg,unmasked (1636).txt
unmasked (1752).jpg,unmasked (1752).txt
unmasked (1882).jpg,unmasked (1882).txt
with_mask (38).jpg,with_mask (38).txt
110-with-mask.jpg,110-with-mask.txt
masked (1543).jpg,masked (1543).txt
masked (1427).jpg,masked (1427).txt
unmasked (1310).jpg,unmasked (1310).txt
unmasked (1274).jpg,unmasked (1274).txt
masked (9).jpg,masked (9).txt
206-with-mask.jpg,206-with-mask.txt
masked (1508).jpg,masked (1508).txt
unmasked (1763).jpg,unmasked (1763).txt
unmasked (1607).jpg,unmasked (1607).txt
82-with-mask.jpg,82-with-mask.txt
318-with-mask.jpg,318-with-mask.txt
with_mask (42).jpg,with_mask (42).txt
unmasked (1484).jpg,unmasked (1484).txt
unmasked (1509).jpg,unmasked (1509).txt
273-with-mask.jpg,273-with-mask.txt
unmasked (1426).jpg,unmasked (1426).txt
unmasked (1542).jpg,unmasked (1542).txt
masked (1275).jpg,masked (1275).txt
393-with-mask.jpg,393-with-mask.txt
masked (1311).jpg,masked (1311).txt
165-with-mask.jpg,165-with-mask.txt
masked (1485).jpg,masked (1485).txt
masked (1606).jpg,masked (1606).txt
40-with-mask.jpg,40-with-mask.txt
unmasked (1582).jpg,unmasked (1582).txt
with_mask (20).jpg,with_mask (20).txt
416-with-mask.jpg,416-with-mask.txt
unmasked (1372).jpg,unmasked (1372).txt
masked (1521).jpg,masked (1521).txt
masked (1445).jpg,masked (1445).txt
masked (1872).jpg,masked (1872).txt
unmasked (1339).jpg,unmasked (1339).txt
324-with-mask.jpg,324-with-mask.txt
463-with-mask.jpg,463-with-mask.txt
masked (1583).jpg,masked (1583).txt
with_maska (25).jpg,with_maska (25).txt
masked (1664).jpg,masked (1664).txt
masked (1700).jpg,masked (1700).txt
159-with-mask.jpg,159-with-mask.txt
35-with-mask.jpg,35-with-mask.txt
351-with-mask.jpg,351-with-mask.txt
masked (1338).jpg,masked (1338).txt
masked (1373).jpg,masked (1373).txt
unmasked (1444).jpg,unmasked (1444).txt
unmasked (1520).jpg,unmasked (1520).txt
with_mask (82).jpg,with_mask (82).txt
masked (1655).jpg,masked (1655).txt
138-with-mask.jpg,138-with-mask.txt
with_maska (14).jpg,with_maska (14).txt
unmasked (1285).jpg,unmasked (1285).txt
402-with-mask.jpg,402-with-mask.txt
1-with-mask.jpg,1-with-mask.txt
unmasked (1511).jpg,unmasked (1511).txt
unmasked (1475).jpg,unmasked (1475).txt
masked (1342).jpg,masked (1342).txt
masked (1309).jpg,masked (1309).txt
unmasked (1792).jpg,unmasked (1792).txt
330-with-mask.jpg,330-with-mask.txt
masked (1284).jpg,masked (1284).txt
477-with-mask.jpg,477-with-mask.txt
with_mask (11).jpg,with_mask (11).txt
unmasked (1654).jpg,unmasked (1654).txt
unmasked (1730).jpg,unmasked (1730).txt
345-with-mask.jpg,345-with-mask.txt
unmasked (1308).jpg,unmasked (1308).txt
masked (1474).jpg,masked (1474).txt
masked (1510).jpg,masked (1510).txt
unmasked (1343).jpg,unmasked (1343).txt
masked (1299).jpg,masked (1299).txt
unmasked (1602).jpg,unmasked (1602).txt
449-with-mask.jpg,449-with-mask.txt
unmasked (1649).jpg,unmasked (1649).txt
385-with-mask.jpg,385-with-mask.txt
with_mask (47).jpg,with_mask (47).txt
unmasked (1481).jpg,unmasked (1481).txt
173-with-mask.jpg,173-with-mask.txt
masked (1546).jpg,masked (1546).txt
masked (1422).jpg,masked (1422).txt
unmasked (1315).jpg,unmasked (1315).txt
unmasked (1271).jpg,unmasked (1271).txt
masked (1469).jpg,masked (1469).txt
masked (1648).jpg,masked (1648).txt
106-with-mask.jpg,106-with-mask.txt
masked (1480).jpg,masked (1480).txt
with_mask (9).jpg,with_mask (9).txt
unmasked (1298).jpg,unmasked (1298).txt
masked (1603).jpg,masked (1603).txt
unmasked (1468).jpg,unmasked (1468).txt
94-with-mask.jpg,94-with-mask.txt
unmasked (1547).jpg,unmasked (1547).txt
masked (1270).jpg,masked (1270).txt
masked (1314).jpg,masked (1314).txt
masked (1632).jpg,masked (1632).txt
masked (1886).jpg,masked (1886).txt
391-with-mask.jpg,391-with-mask.txt
unmasked (1386).jpg,unmasked (1386).txt
167-with-mask.jpg,167-with-mask.txt
masked (1325).jpg,masked (1325).txt
unmasked (1576).jpg,unmasked (1576).txt
unmasked (1412).jpg,unmasked (1412).txt
unmasked (1459).jpg,unmasked (1459).txt
with_mask (76).jpg,with_mask (76).txt
masked (1387).jpg,masked (1387).txt
112-with-mask.jpg,112-with-mask.txt
204-with-mask.jpg,204-with-mask.txt
unmasked (1633).jpg,unmasked (1633).txt
masked (1458).jpg,masked (1458).txt
masked (1690).jpg,masked (1690).txt
80-with-mask.jpg,80-with-mask.txt
unmasked (1324).jpg,unmasked (1324).txt
pra1.jpg,pra1.txt
masked (1413).jpg,masked (1413).txt
masked (1577).jpg,masked (1577).txt
unmasked (1514).jpg,unmasked (1514).txt
unmasked (1470).jpg,unmasked (1470).txt
461-with-mask.jpg,461-with-mask.txt
masked (1347).jpg,masked (1347).txt
masked (1268).jpg,masked (1268).txt
37-with-mask.jpg,37-with-mask.txt
353-with-mask.jpg,353-with-mask.txt
masked (1498).jpg,masked (1498).txt
masked (1650).jpg,masked (1650).txt
with_maskb (9).jpg,with_maskb (9).txt
unmasked (1280).jpg,unmasked (1280).txt
with_maska (11).jpg,with_maska (11).txt
42-with-mask.jpg,42-with-mask.txt
unmasked (1269).jpg,unmasked (1269).txt
238-with-mask.jpg,238-with-mask.txt
masked (1471).jpg,masked (1471).txt
masked (1515).jpg,masked (1515).txt
414-with-mask.jpg,414-with-mask.txt
178.jpg,178.txt
masked (1281).jpg,masked (1281).txt
with_mask (14).jpg,with_mask (14).txt
unmasked (1499).jpg,unmasked (1499).txt
326-with-mask.jpg,326-with-mask.txt
unmasked (1651).jpg,unmasked (1651).txt
unmasked (1377).jpg,unmasked (1377).txt
masked (1688).jpg,masked (1688).txt
475-with-mask.jpg,475-with-mask.txt
masked (1524).jpg,masked (1524).txt
masked (1440).jpg,masked (1440).txt
masked (1913).jpg,masked (1913).txt
masked (1877).jpg,masked (1877).txt
259-with-mask.jpg,259-with-mask.txt
347-with-mask.jpg,347-with-mask.txt
with_mask (25).jpg,with_mask (25).txt
unmasked (1587).jpg,unmasked (1587).txt
unmasked (1876).jpg,unmasked (1876).txt
unmasked (1912).jpg,unmasked (1912).txt
masked (1259).jpg,masked (1259).txt
56-with-mask.jpg,56-with-mask.txt
49.jpg,49.txt
masked (1376).jpg,masked (1376).txt
unmasked (1441).jpg,unmasked (1441).txt
with_mask (87).jpg,with_mask (87).txt
unmasked (1525).jpg,unmasked (1525).txt
3-with-mask.jpg,3-with-mask.txt
masked (1586).jpg,masked (1586).txt
with_maska (20).jpg,with_maska (20).txt
masked (1661).jpg,masked (1661).txt
332-with-mask.jpg,332-with-mask.txt
unmasked (1382).jpg,unmasked (1382).txt
458-with-mask.jpg,458-with-mask.txt
394-with-mask.jpg,394-with-mask.txt
274-with-mask.jpg,274-with-mask.txt
162-with-mask.jpg,162-with-mask.txt
masked (1636).jpg,masked (1636).txt
masked (1882).jpg,masked (1882).txt
unmasked (1539).jpg,unmasked (1539).txt
masked (1321).jpg,masked (1321).txt
unmasked (1572).jpg,unmasked (1572).txt
unmasked (1416).jpg,unmasked (1416).txt
117-with-mask.jpg,117-with-mask.txt
unmasked (1637).jpg,unmasked (1637).txt
201-with-mask.jpg,201-with-mask.txt
with_mask (39).jpg,with_mask (39).txt
with_mask (72).jpg,with_mask (72).txt
masked (1383).jpg,masked (1383).txt
masked (1417).jpg,masked (1417).txt
masked (1573).jpg,masked (1573).txt
masked (10).jpg,masked (10).txt
masked (1538).jpg,masked (1538).txt
masked (1694).jpg,masked (1694).txt
85-with-mask.jpg,85-with-mask.txt
with_mask (43).jpg,with_mask (43).txt
unmasked (1485).jpg,unmasked (1485).txt
260-with-mask.jpg,260-with-mask.txt
unmasked (1762).jpg,unmasked (1762).txt
unmasked (1606).jpg,unmasked (1606).txt
176-with-mask.jpg,176-with-mask.txt
masked (1509).jpg,masked (1509).txt
masked (1542).jpg,masked (1542).txt
masked (1426).jpg,masked (1426).txt
unmasked (1311).jpg,unmasked (1311).txt
unmasked (1275).jpg,unmasked (1275).txt
masked (8).jpg,masked (8).txt
103-with-mask.jpg,103-with-mask.txt
masked (1607).jpg,masked (1607).txt
215-with-mask.jpg,215-with-mask.txt
439-with-mask.jpg,439-with-mask.txt
masked (1484).jpg,masked (1484).txt
unmasked (1427).jpg,unmasked (1427).txt
unmasked (1543).jpg,unmasked (1543).txt
masked (1274).jpg,masked (1274).txt
masked (1310).jpg,masked (1310).txt
91-with-mask.jpg,91-with-mask.txt
unmasked (1508).jpg,unmasked (1508).txt
masked (1873).jpg,masked (1873).txt
unmasked (1338).jpg,unmasked (1338).txt
26-with-mask.jpg,26-with-mask.txt
masked (1520).jpg,masked (1520).txt
masked (1444).jpg,masked (1444).txt
unmasked (1583).jpg,unmasked (1583).txt
with_mask (21).jpg,with_mask (21).txt
342-with-mask.jpg,342-with-mask.txt
53-with-mask.jpg,53-with-mask.txt
229-with-mask.jpg,229-with-mask.txt
masked (1372).jpg,masked (1372).txt
unmasked (1445).jpg,unmasked (1445).txt
unmasked (1839).jpg,unmasked (1839).txt
unmasked (1521).jpg,unmasked (1521).txt
with_mask (83).jpg,with_mask (83).txt
unmasked (1872).jpg,unmasked (1872).txt
405-with-mask.jpg,405-with-mask.txt
masked (1339).jpg,masked (1339).txt
6-with-mask.jpg,6-with-mask.txt
masked (1665).jpg,masked (1665).txt
masked (1701).jpg,masked (1701).txt
masked (1582).jpg,masked (1582).txt
with_maska (24).jpg,with_maska (24).txt
464-with-mask.jpg,464-with-mask.txt
masked (1308).jpg,masked (1308).txt
unmasked (1793).jpg,unmasked (1793).txt
unmasked (1843).jpg,unmasked (1843).txt
unmasked (1510).jpg,unmasked (1510).txt
masked (1343).jpg,masked (1343).txt
32-with-mask.jpg,32-with-mask.txt
with_maska (15).jpg,with_maska (15).txt
356-with-mask.jpg,356-with-mask.txt
195.jpg,195.txt
masked (1654).jpg,masked (1654).txt
47-with-mask.jpg,47-with-mask.txt
masked (1475).jpg,masked (1475).txt
masked (1511).jpg,masked (1511).txt
unmasked (1342).jpg,unmasked (1342).txt
unmasked (1309).jpg,unmasked (1309).txt
411-with-mask.jpg,411-with-mask.txt
unmasked (1655).jpg,unmasked (1655).txt
masked (1285).jpg,masked (1285).txt
with_mask (10).jpg,with_mask (10).txt
323-with-mask.jpg,323-with-mask.txt
138.jpg,138.txt
with_maskb (1).jpg,with_maskb (1).txt
masked (1613).jpg,masked (1613).txt
with_maska (19).jpg,with_maska (19).txt
unmasked (1288).jpg,unmasked (1288).txt
151-with-mask.jpg,151-with-mask.txt
masked (1490).jpg,masked (1490).txt
masked (1658).jpg,masked (1658).txt
masked (1260).jpg,masked (1260).txt
359-with-mask.jpg,359-with-mask.txt
masked (1304).jpg,masked (1304).txt
unmasked (1433).jpg,unmasked (1433).txt
unmasked (1557).jpg,unmasked (1557).txt
unmasked (1478).jpg,unmasked (1478).txt
48-with-mask.jpg,48-with-mask.txt
232-with-mask.jpg,232-with-mask.txt
with_mask (57).jpg,with_mask (57).txt
124-with-mask.jpg,124-with-mask.txt
unmasked (1491).jpg,unmasked (1491).txt
unmasked (1659).jpg,unmasked (1659).txt
unmasked (1612).jpg,unmasked (1612).txt
masked (1289).jpg,masked (1289).txt
masked (1479).jpg,masked (1479).txt
63.jpg,63.txt
unmasked (1261).jpg,unmasked (1261).txt
masked (1556).jpg,masked (1556).txt
masked (1432).jpg,masked (1432).txt
with_mask (100).jpg,with_mask (100).txt
unmasked (1897).jpg,unmasked (1897).txt
unmasked (1623).jpg,unmasked (1623).txt
masked (1397).jpg,masked (1397).txt
253-with-mask.jpg,253-with-mask.txt
29-with-mask.jpg,29-with-mask.txt
with_mask (66).jpg,with_mask (66).txt
masked (1403).jpg,masked (1403).txt
masked (1567).jpg,masked (1567).txt
unmasked (1250).jpg,unmasked (1250).txt
unmasked (1334).jpg,unmasked (1334).txt
masked (1680).jpg,masked (1680).txt
masked (1448).jpg,masked (1448).txt
481-with-mask.jpg,481-with-mask.txt
unmasked (1396).jpg,unmasked (1396).txt
masked (1669).jpg,masked (1669).txt
9-with-mask.jpg,9-with-mask.txt
masked (1896).jpg,masked (1896).txt
masked (1622).jpg,masked (1622).txt
with_maska (28).jpg,with_maska (28).txt
unmasked (1835).jpg,unmasked (1835).txt
unmasked (1449).jpg,unmasked (1449).txt
unmasked (1566).jpg,unmasked (1566).txt
unmasked (1402).jpg,unmasked (1402).txt
masked (1335).jpg,masked (1335).txt
338-with-mask.jpg,338-with-mask.txt
masked (1461).jpg,masked (1461).txt
443-with-mask.jpg,443-with-mask.txt
masked (1505).jpg,masked (1505).txt
masked (4).jpg,masked (4).txt
179-with-mask.jpg,179-with-mask.txt
unmasked (1279).jpg,unmasked (1279).txt
unmasked (1725).jpg,unmasked (1725).txt
unmasked (1489).jpg,unmasked (1489).txt
187-with-mask.jpg,187-with-mask.txt
291-with-mask.jpg,291-with-mask.txt
masked (1291).jpg,masked (1291).txt
masked (1278).jpg,masked (1278).txt
436-with-mask.jpg,436-with-mask.txt
masked (1357).jpg,masked (1357).txt
unmasked (1504).jpg,unmasked (1504).txt
unmasked (1460).jpg,unmasked (1460).txt
unmasked (1290).jpg,unmasked (1290).txt
304-with-mask.jpg,304-with-mask.txt
masked (1640).jpg,masked (1640).txt
masked (1488).jpg,masked (1488).txt
with_mask (1).jpg,with_mask (1).txt
unmasked (1451).jpg,unmasked (1451).txt
457-with-mask.jpg,457-with-mask.txt
unmasked (1535).jpg,unmasked (1535).txt
with_mask (97).jpg,with_mask (97).txt
unmasked (1699).jpg,unmasked (1699).txt
masked (1366).jpg,masked (1366).txt
unmasked (1866).jpg,unmasked (1866).txt
193-with-mask.jpg,193-with-mask.txt
masked (1671).jpg,masked (1671).txt
365-with-mask.jpg,365-with-mask.txt
285-with-mask.jpg,285-with-mask.txt
masked (1596).jpg,masked (1596).txt
118-with-mask.jpg,118-with-mask.txt
with_maska (2).jpg,with_maska (2).txt
masked (1903).jpg,masked (1903).txt
74-with-mask.jpg,74-with-mask.txt
masked (1867).jpg,masked (1867).txt
422-with-mask.jpg,422-with-mask.txt
masked (1534).jpg,masked (1534).txt
masked (1450).jpg,masked (1450).txt
masked (1698).jpg,masked (1698).txt
unmasked (1597).jpg,unmasked (1597).txt
with_mask (35).jpg,with_mask (35).txt
unmasked (1714).jpg,unmasked (1714).txt
unmasked (1670).jpg,unmasked (1670).txt
masked (1393).jpg,masked (1393).txt
unmasked (1708).jpg,unmasked (1708).txt
with_mask (62).jpg,with_mask (62).txt
with_mask (29).jpg,with_mask (29).txt
140-with-mask.jpg,140-with-mask.txt
unmasked (1627).jpg,unmasked (1627).txt
with_mask (104).jpg,with_mask (104).txt
256-with-mask.jpg,256-with-mask.txt
348-with-mask.jpg,348-with-mask.txt
masked (1684).jpg,masked (1684).txt
masked (1528).jpg,masked (1528).txt
masked (1407).jpg,masked (1407).txt
masked (1563).jpg,masked (1563).txt
unmasked (1330).jpg,unmasked (1330).txt
59-with-mask.jpg,59-with-mask.txt
223-with-mask.jpg,223-with-mask.txt
masked (1892).jpg,masked (1892).txt
masked (1626).jpg,masked (1626).txt
135-with-mask.jpg,135-with-mask.txt
unmasked (1392).jpg,unmasked (1392).txt
unmasked (1562).jpg,unmasked (1562).txt
unmasked (1406).jpg,unmasked (1406).txt
masked (1331).jpg,masked (1331).txt
unmasked (1529).jpg,unmasked (1529).txt
masked (1494).jpg,masked (1494).txt
masked (1617).jpg,masked (1617).txt
154-with-mask.jpg,154-with-mask.txt
with_maskb (5).jpg,with_maskb (5).txt
242-with-mask.jpg,242-with-mask.txt
38-with-mask.jpg,38-with-mask.txt
unmasked (1800).jpg,unmasked (1800).txt
unmasked (1518).jpg,unmasked (1518).txt
masked (1264).jpg,masked (1264).txt
masked (1300).jpg,masked (1300).txt
unmasked (1437).jpg,unmasked (1437).txt
unmasked (1553).jpg,unmasked (1553).txt
unmasked (1616).jpg,unmasked (1616).txt
237-with-mask.jpg,237-with-mask.txt
with_mask (18).jpg,with_mask (18).txt
121-with-mask.jpg,121-with-mask.txt
with_mask (53).jpg,with_mask (53).txt
169.jpg,169.txt
unmasked (1495).jpg,unmasked (1495).txt
unmasked (1739).jpg,unmasked (1739).txt
unmasked (1301).jpg,unmasked (1301).txt
unmasked (1265).jpg,unmasked (1265).txt
masked (1552).jpg,masked (1552).txt
masked (1436).jpg,masked (1436).txt
masked (1519).jpg,masked (1519).txt
masked (1329).jpg,masked (1329).txt
452-with-mask.jpg,452-with-mask.txt
unmasked (1455).jpg,unmasked (1455).txt
with_mask (93).jpg,with_mask (93).txt
unmasked (1531).jpg,unmasked (1531).txt
masked (1362).jpg,masked (1362).txt
168-with-mask.jpg,168-with-mask.txt
196-with-mask.jpg,196-with-mask.txt
masked (1592).jpg,masked (1592).txt
masked (1675).jpg,masked (1675).txt
masked (1530).jpg,masked (1530).txt
masked (1454).jpg,masked (1454).txt
71-with-mask.jpg,71-with-mask.txt
unmasked (1328).jpg,unmasked (1328).txt
masked (1907).jpg,masked (1907).txt
427-with-mask.jpg,427-with-mask.txt
masked (1863).jpg,masked (1863).txt
with_maska (6).jpg,with_maska (6).txt
unmasked (1674).jpg,unmasked (1674).txt
315-with-mask.jpg,315-with-mask.txt
with_mask (31).jpg,with_mask (31).txt
unmasked (1593).jpg,unmasked (1593).txt
unmasked (1319).jpg,unmasked (1319).txt
446-with-mask.jpg,446-with-mask.txt
masked (1465).jpg,masked (1465).txt
10-with-mask.jpg,10-with-mask.txt
masked (1501).jpg,masked (1501).txt
182-with-mask.jpg,182-with-mask.txt
294-with-mask.jpg,294-with-mask.txt
374-with-mask.jpg,374-with-mask.txt
unmasked (1645).jpg,unmasked (1645).txt
masked (1353).jpg,masked (1353).txt
unmasked (1500).jpg,unmasked (1500).txt
109-with-mask.jpg,109-with-mask.txt
unmasked (1464).jpg,unmasked (1464).txt
65-with-mask.jpg,65-with-mask.txt
433-with-mask.jpg,433-with-mask.txt
unmasked (1853).jpg,unmasked (1853).txt
masked (1318).jpg,masked (1318).txt
with_maskb (13).jpg,with_maskb (13).txt
with_mask (5).jpg,with_mask (5).txt
masked (1644).jpg,masked (1644).txt
301-with-mask.jpg,301-with-mask.txt
